DATE,ID_PROD,DATA_TYPE,DTI,DTE,M_B,X_B,M_S,X_S,TVA,RS_S11,RS_S13,CS_S11,CS_S13,CCF_S13,VA_NM,VA_M,P,ATSLP,SSLP,VA,CI,FBCF_S14,FBCF_S11,FBCF_S13,FBCF,VS,CF,CF_S13,CI_S13,CI_S11,P_S11,CF_S14,PIB_E,PIB_R
2005-03-31,000,N,7092.12019597124,401.850998750159,36039.5162481542,4131.64469951966,13032.7767461201,24749.0056513905,9653.0949205654,28999.7163616993,27098.9375957713,6902.01713716366,4258.54932290107,8453.65527280096,39811.1421914733,83828.5729802689,205751.12701511,1145.47185653422,-529.962200025975,123639.715171742,82111.4118433682,3922.02412131204,15702.8076730568,8641.94268515419,28266.774479523,1383.08594455369,131944.073162825,44106.1515473246,4295.00935585133,77816.4024875169,161644.975467785,87837.9216155004,141402.290943538,141402.290943537
2005-06-30,000,N,7495.37629358213,439.535284932873,39114.6667887822,6066.00613779737,11669.6367339544,22741.4468170983,10071.4228816629,30253.7666374305,26622.5578592719,7146.7149558369,4514.07666181976,8445.20516368058,39581.8396847723,79221.1133632492,212449.924838176,1124.60190477082,-965.453095502606,118802.953048021,93646.9717901543,4771.90293420011,16812.843707725,8606.26561109251,30191.0122530176,1284.95156673222,127469.323065559,43468.3448449415,3886.50516016918,89760.4666299851,168981.579993235,84000.9782206175,136968.436317468,136968.436317468
2005-09-30,000,N,7594.01772897569,510.375688091282,48497.2841715005,5323.71705267975,10982.8143895028,22126.2084901185,10182.5086327423,31313.4765795602,26350.7060580206,7410.65067945461,4752.31112218219,8428.30494543981,39531.3221256426,73844.8259359732,216523.087929907,1107.37412403824,-1252.88047392112,113376.148061616,103146.939868291,5449.84485536949,18103.3376650505,8534.91146296916,32088.0939833892,1088.68281108926,130370.939985269,43042.5509251868,3511.22879954425,99635.7110687468,173480.53700472,87328.3890600822,131517.543761542,131517.543761542
2005-12-31,000,N,7810.48578147096,388.238028225692,39941.5327915632,4643.63211000332,10939.7721304251,22181.3390413941,10516.9735650292,31837.0404213101,26648.798486936,7532.61722754488,4982.06289309698,8402.95461807866,40033.8159981116,78868.3677205088,221242.860216807,1112.55211465733,-1396.70423054974,118902.18371862,102340.676498186,5909.22808911928,15304.0109541684,8427.88024078413,29641.1192840718,794.279677624833,130954.663786348,43253.952682547,3220.13668443542,99120.5398137506,177988.90753426,87700.711103801,137333.728977454,137333.728977454
2006-03-31,000,N,7689.98841168883,449.074908570944,39667.5687472896,5194.35818585525,10952.3588169806,22453.2799564499,10363.8951912081,32848.5184044795,26880.7441629469,6629.77459957314,5113.20749059623,8369.15418159713,40363.1058351403,78221.2882806922,219304.412433126,1103.45266494252,-1353.07963734459,118584.394115832,100720.018317293,6102.8586788923,14953.5480181342,8285.17194453743,29341.5786415639,401.742166338928,130066.69426896,43350.3946681513,2987.28883301102,97732.729484282,175954.017764975,86716.2996008087,136837.725654898,136837.725654899
2006-06-30,000,N,7274.56864734121,443.730055161206,35395.1620919427,5085.14512680691,11771.2887380489,23466.8463358321,9954.78274785553,33233.4782393181,27508.2213877679,6748.92802109261,5248.03351632861,8348.48233436567,41104.7372384622,78556.3801661163,223547.671942926,1142.58859050469,-1223.19923987252,119661.117404578,103886.554538348,6089.09189026135,13719.116324362,8321.91984822378,28130.1280628471,141.130295288995,127596.789214785,44017.2275478757,2912.49030941352,100974.064228934,179530.44439505,83579.5616669093,137253.588205569,137253.588205568
2006-09-30,000,N,7399.34325866537,313.459680790077,40771.4594229274,3863.30978635711,12137.257783128,24005.6803881879,10466.8777366098,33581.6655385372,27833.652902121,6866.23864047535,5273.60144827685,8340.93907638427,41448.1934267821,72657.618939242,217507.852660709,1140.40914177608,-967.830807735653,114105.812366024,103402.040294685,5929.58528055448,13460.473111397,8538.12395184317,27928.1823437946,12.4440644750333,129557.171999371,44412.9146224383,2964.72119565622,100437.319099029,173094.938038271,85144.2573769327,132458.07137613,132458.07137613
2006-12-31,000,N,7541.0996823045,385.735355477772,39626.8097378405,4508.18690098069,12795.0946618421,24572.1933195307,10557.4443243266,33314.337817665,28640.3815471641,6950.05873885894,5367.15754479836,8346.52440765294,42354.0634996154,90809.6126139495,228619.062963241,1232.54960277553,-786.890315048495,133163.676113565,95455.3868496762,5718.46415029332,12347.8625461074,8933.78425539562,27000.1109517964,15.6834738970438,148419.344516879,45565.4631615346,3211.39966191923,92243.987187757,183053.599801706,102853.881355344,152093.614763401,152093.614763401
2007-03-31,000,N,7456.53003086505,492.643330440154,38923.8477585006,4281.81888582426,13685.5714200662,25842.6983604648,10206.8049616523,33661.5489120227,28853.6802193466,6997.77560687368,4999.51506423444,8365.23832817167,42218.4336117527,83935.1972565842,226704.183823371,1250.00802649802,-641.323427014543,126153.630868337,100550.552955034,5451.22093245431,13510.5357987391,9508.90075888111,28470.6574900745,150.848523555026,138781.689709426,45712.452972879,3494.01936112631,97056.5335939077,180991.730850492,93069.236736547,144918.293790778,144918.293790778
2007-06-30,000,N,7416.28321018915,277.640549393435,39128.8667566631,3726.61777495881,13563.8007151075,25665.5733718504,10658.6730089604,34392.5911075253,29051.4789226327,7145.12614316329,4907.18774270063,8346.14556511049,42304.8122304438,88215.2318590821,228739.277847862,1274.99610329925,-666.01920063081,130520.044089526,98219.2337583358,5239.8939782509,13722.9459510085,9663.98705672287,28626.8269859823,283.375133996209,143871.89196572,46136.6091513134,3831.79692086964,94387.4368374662,182602.668696549,97735.2828144066,149481.617760737,149481.617760738
2007-09-30,000,N,7486.609373284,429.816301895951,40132.0980806135,5261.66990601787,13339.5594569519,24987.9875311211,10933.736296376,35314.7110794227,29232.561867505,7299.03966131156,4855.9370861761,8289.24611846941,42377.7450721505,82319.8125486578,232088.836796214,1289.75660889765,-866.439247268481,124697.557620808,107391.279175406,5160.81510046077,14067.2523321944,9399.04314892087,28627.110581576,413.263305220591,138152.663167623,46522.6364877756,4144.89141562513,103246.387759781,185566.200308438,91630.0266798474,143971.036953993,143971.036953993
2007-12-31,000,N,7441.57738566187,430.899818270458,42454.1874042227,3449.89343319904,12845.0684078745,24455.7407365636,10872.7857330114,35366.1489010294,29114.2789905157,7350.05858865148,4811.36010688886,8194.53998824843,42120.1790856529,78053.5883356758,229725.701532553,1258.23926130481,-1153.21812508647,120173.767421329,109551.934111224,5271.06998883265,16068.2659180575,8714.06903547514,30053.4049423653,540.513037228174,135823.755157232,46471.3013880319,4351.12230237902,105200.811808845,183254.400144521,89352.4537692001,139024.051494491,139024.051494491
2008-03-31,000,N,7583.84779169864,276.25891320146,42704.7882238005,4078.19208208693,12480.1452973746,22612.9894610627,11236.0335601362,37715.6403151193,29530.0724559292,7815.53155229878,4938.80320706485,8062.02717444754,42530.9028374416,84435.7617508162,230798.755216227,1239.94890108705,-1441.54989201158,126966.664588258,103832.090627969,5345.9694938335,16351.6004088511,7609.06471638567,29306.6346190703,665.124330018957,144383.196891306,47048.1293786167,4517.22654117506,99314.8640867939,183750.62583761,97335.0675126893,145861.20386237,145861.20386237
2008-06-30,000,N,7959.888826444,182.973013401456,44491.4490030182,3599.05599938349,13628.2724098578,27722.5498379437,11288.242606412,38420.7948540121,29435.7535121209,7992.4341002141,4980.61507099527,7952.67817914816,42369.0467622644,84044.2066672992,241400.295549351,1277.44102757913,-1646.37961230703,126413.253429564,114987.042119787,5530.49678118375,16609.511614141,6956.63710219561,29096.6454975204,650.419115127687,142526.470253994,46859.6524058404,4490.60564357601,110496.436476211,194540.643143511,95666.8178481536,145475.419291093,145475.419291094
2008-09-30,000,N,7380.92419388381,161.860475772693,44527.0813432338,3263.67999706325,12282.1550490145,21471.8374996277,10824.2869193972,37967.1893776117,29435.7317359446,8035.36281991456,5118.23727232419,7866.49300235032,42420.4620106191,81267.1453736017,228608.073767211,1204.64819400778,-1462.41711770538,123687.607384221,104920.46638299,5710.74696885529,16401.5264358147,6756.78619290497,28869.059597575,496.397392554365,144505.171955005,46776.9922689834,4356.53025836431,100563.936124626,181831.081498228,97728.1796860216,141796.910049577,141796.910049577
2008-12-31,000,N,7227.33918797351,23.9075976243903,44137.6814299474,5250.07192146633,12197.4272437527,21630.623201366,10748.4369140546,37072.3754532569,30714.4422960053,8017.67152757258,5455.34444961566,7803.47164405398,43973.2583896749,83876.216208283,233042.875467212,1237.96187732594,-1171.65337797611,127849.474597958,105193.400869254,5844.78675612743,15669.3615411927,7009.51198851376,28523.6602858339,203.05916229899,146643.160899695,48239.2259465596,4265.96755688467,100927.433312369,184803.649520652,98403.9349531354,145915.46679696,145915.46679696
2009-03-31,000,N,6993.78080081661,8.26905735386332,38216.0374659809,3195.39550801095,11984.5890797138,21020.0906894866,10163.9263224279,35254.4051059098,29815.6616887098,7718.6329861326,5454.40168451853,7763.61410425917,43033.6774774875,76265.9667551041,230466.966803117,1244.0809375502,-724.576646577833,119299.644232592,111167.322570525,5857.45948210072,13492.1593555663,7714.81448902197,27064.433326689,-229.595575638437,136135.427301309,46915.5638656544,3881.8863881669,107285.436182358,183551.402937463,89219.8634356546,136985.124704162,136985.124704163
2009-06-30,000,N,6818.8068494977,6.41748255974719,36897.222088538,2430.12756451178,12415.5598831464,20904.1508830048,10062.3228258571,33970.5893464206,29882.3408938233,7625.45807994497,5495.74093712988,7716.98744663758,43095.0692775908,83113.4056680195,219402.17957603,1204.07687578596,-304.157946182933,126208.47494561,93193.7046304198,5894.66955565011,13631.0456470853,8215.50969361647,27741.2248963519,-517.519240558034,142750.738901502,46722.9141064665,3627.84482887571,89565.8598015441,172679.265469564,96027.8247950355,143995.941033128,143995.941033128
2009-09-30,000,N,6650.97823877299,69.251512435678,36036.3166355013,2651.90647388617,12652.5231951945,20345.6781017139,9894.81120017312,33602.0235352621,29761.2846525499,7762.0013402573,5446.31118019179,7663.5916711892,42871.1875039309,83482.463979838,222932.114613096,1236.76505858315,-60.0968385055957,126353.651483769,96578.463129327,5878.49602604187,12589.5864457072,8511.59760229725,26979.6800740463,-660.711832459798,143517.647668737,46302.7355620233,3431.54805809237,93146.9150712346,176629.379051073,97214.9121067137,144145.360655228,144145.360655228
2009-12-31,000,N,6835.43411091273,61.0619476507116,35976.4238099796,4233.57045359109,12782.3278419451,19368.0803257947,9851.93965154179,34132.9820124076,30485.7127649171,7975.90759366513,5416.54619815979,7603.42677791405,43505.6857409909,76753.5435970384,218133.739007759,1213.07712808,-0.168568734436903,120259.229338029,97874.5096697293,5900.37493620619,12288.2085516409,8603.07821506432,26791.6617029114,-659.173351343731,137245.186128451,46902.7864658559,3397.10072486498,94477.4089448643,171230.952541903,90342.3996625951,138220.57360748,138220.573607481
2010-03-31,000,N,6825.19687241729,115.98619146996,38980.9590714884,3197.93395147967,12653.1535100685,18642.6978702402,10052.3024226707,33997.4106517653,29223.6479710137,8011.85784142106,5115.4060968861,7536.49276681211,41875.5468347119,85137.9068357462,218962.641358415,1211.70178522998,-96.4429958701863,127013.453670458,91949.1876879564,5877.35877026632,12827.7528547384,8489.95153191769,27195.0631569224,-512.903797209833,148233.5193465,45133.455194909,3257.90836019711,88691.2793277593,173829.186163506,103100.064151591,145122.197946376,145122.197946376
2010-06-30,000,N,6835.69062496464,164.542564967109,38330.4042463286,3320.21949486958,12423.1928850592,18519.1360969465,9797.03445727346,34249.0088170564,29358.5749662065,8055.97585490506,5006.82568239291,7439.54005564649,41804.9407042459,73379.1867115814,222755.476316976,1222.26298912971,-269.613316481919,115184.127415827,107571.348901149,5969.78260126237,13170.5584550084,8216.82024589196,27357.1613021627,-374.934456672341,134866.059429762,45060.4006312167,3255.45992697081,104315.888974178,177695.075685759,89805.6587985453,132934.044735681,132934.04473568
2010-09-30,000,N,7051.62894843116,141.537455960658,39690.2444898372,3869.0732525543,12932.3633903869,18949.1346778137,9888.08075403405,34457.0365738593,29854.3564999057,8093.12389961091,5029.29727690152,7312.56864441719,42196.2224212244,77515.8093446757,218855.449749704,1191.16607343294,-425.474185073464,119712.0317659,99143.4179838038,5930.65303204706,13291.9072579092,7783.68435698713,27006.2446469434,-245.265329731254,140602.391445329,45461.869517297,3265.64709607255,95877.7708877313,173393.580232407,95140.5219280321,137558.970812685,137558.970812686
2010-12-31,000,N,6765.48355418691,119.933787602273,38331.3921923456,3481.77330109644,13020.2902144855,19752.0313549996,9637.58236602171,34204.5439573191,31697.420562874,8017.042404063,5308.4709438195,7155.57853312422,44161.4700398177,70922.9171079975,219769.432574905,1189.86915220804,-535.469502573711,115084.387147815,104685.04542709,6012.20559642395,12833.7814323441,7190.54386520323,26036.5308939713,-123.896416386573,134467.029778411,47511.2746565773,3349.80461675957,101335.24081033,172258.157918328,86955.7551218337,132261.786505261,132261.78650526
2011-03-31,000,N,6477.42385611628,132.883784306373,38293.5695149605,3931.34476480582,12595.8092048585,20205.8958654344,9516.38301263147,33167.8774747539,31475.3122036255,7891.24133126865,5462.01380537274,6968.56972176756,43905.8957307658,61573.9785195519,217651.724688283,1175.83518113356,-585.483605176942,105479.874250318,112171.850437965,6006.37119572338,12377.5029031083,6437.39877054024,24821.2728693719,-10.8277166382982,124138.609416174,47118.207884758,3212.31215399216,108959.538283973,170533.516803525,77020.4015314161,122196.916479329,122196.916479329
2011-06-30,000,N,6465.23134146852,106.009117215191,38262.2567485509,4690.77851614888,12243.3689829693,20245.6683908606,9180.14953768364,34059.9828463029,29388.393389666,8145.00637269862,5168.10839300656,6839.23230851788,41395.7340911904,73407.051907761,212705.654614649,1148.19890101277,-608.237211162421,114802.785998951,97902.8686156973,6090.48571074711,11301.1341056436,5891.58122445894,23283.2010408497,26.1308499163311,133353.984618914,44279.25373732,2883.51964612959,95019.3489695677,168426.400877329,89074.730881594,131094.137685169,131094.137685169
2011-09-30,000,N,6581.45767108451,108.854210894385,38926.0691203234,3110.84694279114,11866.3114776981,21053.4430146151,9380.60711886802,33595.7218037313,29519.4064903141,8088.72586784244,5289.04063562716,6767.56629337516,41576.0134193164,79395.6784258045,215240.180658098,1160.06554768435,-666.362921608244,120971.691845121,94268.4888129772,6148.24948980557,10956.3631965288,5553.09122695936,22657.7039132937,-13.0207167226854,141519.720916088,44310.4054453407,2734.39202602426,91534.096786953,170929.775212757,97209.3154707473,137536.313472044,137536.313472044
2011-12-31,000,N,6854.8871313307,150.252887584052,38512.104616165,2652.02977625414,11406.5103344741,21079.99272909,9487.86033081683,33674.4178752118,29639.8879163944,8088.02642819032,5362.83716599353,6753.57167633941,41756.2967587274,82372.3511468831,215316.44003897,1155.90037016895,-743.916262052717,124128.647905611,91187.7921333599,6210.89360372365,10705.9997947198,5421.92877804147,22338.8221764849,-128.282416555348,145009.685048824,44346.1329325813,2589.83617385391,88597.955959506,170970.307106389,100663.552116243,141033.632363459,141033.632363458
2012-03-31,000,N,6467.20119104427,92.5290679673394,38406.8432445136,3114.00631495809,11591.201531932,21925.8994554276,9039.3749448999,33627.6763646384,29345.9293027326,8049.94927936998,5063.51048674768,6797.24845741063,41206.6882468909,70735.9922099833,207564.170342083,1106.60385717506,-803.508242913382,111942.680456874,95621.4898852087,6198.77672864974,10640.5132269379,5498.09387770529,22337.3838332929,-319.654249581655,130785.290697396,43639.467637791,2432.77939090009,93188.7104943086,163924.702704292,87145.823059605,127844.881275047,127844.881275048
2012-06-30,000,N,7172.00496880515,120.066694314384,40302.9199540834,3370.62566211616,11762.0274682873,22651.4711281212,9370.60822564534,34235.2082610232,29502.9396153743,8211.30335997421,5069.36032480018,6815.42778687487,41387.7277270494,75995.8702137599,216138.207026327,1141.60823271512,-906.857463112424,117383.597940809,98754.6090855177,6206.24985058664,11307.6790891813,5479.6223664887,22993.5513062566,-418.041282959516,137748.369208013,43768.6691914559,2380.94146440652,96373.6676211112,172369.537834871,93979.7000165571,134281.028599177,134281.028599177
2012-09-30,000,N,6787.89311224763,119.556630656999,42147.7742367044,3514.62861548621,11505.8237274917,22592.9861025284,9585.98963789925,34187.2538322524,29508.1014747231,8268.73219143655,5058.52427912191,6808.10966473212,41374.7354185771,74973.3913099129,214283.77448884,1120.05255950726,-921.616970990144,116348.12672849,97935.6477603504,6248.92814814498,12459.4107588702,5366.51424439171,24074.8531514069,-423.44351668893,136934.575309274,43761.1035671178,2386.36814854074,95549.2796118097,170522.670921722,93173.4717421562,133040.00169781,133040.001697811
2012-12-31,000,N,6609.90072790295,116.847607061277,37568.4625646988,2873.73940743953,10830.9472722888,21887.6433139224,9287.02719155551,34178.8615420862,29153.0296071701,8349.01516921926,5086.60490933022,6775.29409098238,41014.9286074827,76336.6662663438,216150.84814275,1118.73535060333,-895.017322983309,117351.594873826,98799.253268923,6291.04527261888,12863.3969250109,5158.76951141431,24313.2117090441,-335.860950769898,133249.764785318,43440.7596036353,2425.83099615264,96373.4222727704,172710.088539115,89809.0051816827,133589.088427967,133589.088427967
2013-03-31,000,N,6900.76605164837,103.979363678998,40559.1298474307,3123.18538355659,10401.0307440414,21540.3418806372,9346.6396789412,33586.3536958611,29353.5334169601,8425.06265149907,5205.40242711854,6716.98106562565,41275.9169097043,79815.7636929491,225184.092119113,1156.68801704193,-848.456378678801,121091.680602653,104092.41151646,6285.99834765061,12680.5841910239,4856.3881675565,23822.9707062311,-155.293585202418,140380.253541535,43796.375050255,2520.45814055068,101571.953375909,181387.717068858,96583.87849128,137751.297335285,137751.297335285
2013-06-30,000,N,6640.87349311499,101.751566950653,39582.2581765662,3703.76014703731,10785.8807286083,22050.8529570211,9260.90383688604,33306.1937073489,30216.2210857489,8425.94965482246,5271.69996656572,6666.96642923269,42154.8874815473,79262.9614173829,217854.471623951,1114.42133252542,-720.381824538275,121417.84889893,96436.6227250212,6291.38981842671,12749.8259218932,4814.88036299078,23856.0961033107,-6.0492048944589,138578.896206569,44770.2346739978,2615.34719245045,93821.2755325708,173084.236949953,93808.6615325713,137815.417303869,137815.417303869
2013-09-30,000,N,6717.21630772858,105.392256897459,39201.7079380373,3122.46868671593,10306.5673465963,21395.7800635405,9588.27195799987,33760.3126824989,28949.2660928964,8518.84885645058,5166.90854302137,6625.25018180353,40741.4248177213,73637.3269596014,220050.203904805,1125.04754175102,-634.200313627761,114378.751777323,105671.452127482,6346.0864725027,12793.6542267166,5034.24609771714,24173.9867969365,111.87219015398,131984.647075358,43245.1097129077,2503.68489518637,103167.767232296,176805.094191897,88739.5373624503,131280.479528071,131280.479528072
2013-12-31,000,N,6982.14414750806,113.876812472891,42164.904037966,3643.58578269016,10482.5211807541,21770.0250988013,9503.18452617293,33396.1399142912,29123.9794043945,8482.13883722788,5246.98906329435,6591.83232333813,40962.800791027,77018.9179300664,209011.23235213,1070.84310868288,-537.961483153796,117981.718721093,91029.5136310366,6396.52536142091,14236.9356603664,5514.48537173558,26147.9463935229,198.470599942897,136001.203176539,43398.2805628396,2435.47977181264,88594.033859224,165612.95178929,92602.9226136994,135113.805832776,135113.805832776
2014-03-31,000,N,7148.20740480675,133.843422280068,40462.704107286,4045.29843766814,10714.7569220481,22474.7272717518,9389.9063061209,33649.4202246456,29072.9466485262,8780.41724621936,5478.96478599061,6566.71285383651,41118.6242883533,81245.7347756861,212125.323576014,1090.01648395021,-508.543250651931,122364.359064039,89760.9645119746,6410.37801678596,12199.2044904122,6255.5981850461,24865.1806922442,253.746024472294,139156.298033743,43460.8756918185,2342.25140346523,87418.7131085094,168664.447884196,95695.4223419245,139617.789430545,139617.789430545
2014-06-30,000,N,6753.4428554394,120.713430011766,38811.3058991142,3361.5662376441,10814.6746026724,22930.5596965189,9391.77037477056,34083.5444709966,29153.2875073391,8947.7639095194,5472.64984919104,6558.02892450126,41183.9662810314,80684.2098665642,216908.634975098,1116.82728582618,-500.907526587788,121868.176147596,95040.4588275023,6426.97367351198,11833.9765994747,6865.40403635186,25126.3543093386,287.557784495136,136669.965040846,43475.8073129116,2291.84103188018,92748.6177956221,173432.827662186,93194.1577279344,138750.022567056,138750.022567056
2014-09-30,000,N,7344.86518548634,128.289685208858,40091.4422310677,4513.97838500369,10787.3283004758,23575.7905831647,9460.87359449598,34387.716922631,29040.7414042038,9101.78577968374,5444.63428723699,6565.78053533237,41051.1562267731,80233.1536805372,220393.312364756,1135.0010140424,-493.182990385462,121284.30990731,99109.0024574454,6481.09947993208,12305.1165827365,7343.90292565289,26130.1189883214,299.905880011421,135219.133091201,43370.611724809,2319.45549803591,96789.5469594095,177022.700639947,91848.521366392,138860.156396159,138860.156396159
2014-12-31,000,N,6875.48455426753,93.1534624993081,39130.5477625323,3384.1569396841,11038.2401748038,24602.9224485649,9493.44972461249,34409.318381727,28718.024439931,9160.03306457749,5393.75107758135,6589.96768632985,40701.7432038422,77519.4116772124,226476.729084131,1165.15521618294,-477.366232373265,118221.154881055,108255.574203077,6532.54882976957,12924.7023273764,7691.09485294916,27148.3460100951,290.790311021149,130113.603834215,43136.7052704609,2434.96206661867,105820.612136458,183340.02381367,86976.8985637541,135371.031606244,135371.031606243
2015-03-31,000,N,6922.25132252974,87.7853348427836,38512.2101313693,2892.85361839218,11211.064146022,25420.581012381,9562.06109330932,34675.9356366735,28856.2241294048,9329.2011682286,5428.75309220324,6630.5903774937,40915.5675991018,86708.7731918485,225160.387340278,1157.95207605839,-419.320197519856,127624.34079095,97536.0465493274,6504.68079011129,12867.8964072251,7906.97981824068,27279.557015577,260.211077524323,138805.141973687,43584.7807017298,2669.21310262803,94866.8334466994,181575.606638548,95220.3612719572,144935.07042017,144935.070420171
2015-06-30,000,N,7838.34053911512,150.347150364844,42158.8433289817,5032.91698433794,10428.8629622141,24493.8866185407,9593.76583362955,34610.0828122126,29159.0148087062,9458.57267867333,5474.86594071723,6659.51830296175,41293.3990523852,78049.6817132737,226709.303197879,1168.93951824614,-335.035154826924,119343.080765659,107366.22243222,6510.48893526855,13729.432087296,8033.44187706101,28273.3628996256,170.494953115863,132376.483487763,44253.3510402443,2959.95198785907,104406.270444361,182455.952157635,88123.1324475188,137759.438652187,137759.438652188
2015-09-30,000,N,7407.77393600197,81.0432609913661,41295.2779086353,3070.38204111354,10020.2959098351,24337.0637455053,9460.64168769915,34788.0096715436,29508.7665635557,9581.6170383397,5547.87677592919,6676.75146273403,41733.3948022189,82385.8254191378,221580.570394926,1150.39188348229,-216.12308410268,124119.220221357,97461.3501735689,6484.54786859997,13906.0186239343,8070.48102941017,28461.0475219444,21.6419377957701,137428.38647754,45006.5482110391,3273.15340882017,94188.1967647487,176574.022183887,92421.8382665009,142002.947905429,142002.947905429
2015-12-31,000,N,7312.63420235317,119.824253801005,42740.6686310135,3104.84735615635,9940.77698192871,23997.4686235728,9883.53138536204,34752.9718795703,29446.9944983334,9595.60911475837,5560.50419115032,6682.28985681052,41689.7885462943,88020.5696757399,225359.739066919,1182.71652221311,-94.5215635505692,129710.358222034,95649.3808448846,6558.28240602021,15314.6528815444,8018.09727528814,29891.0325628527,-186.347968435955,143988.988061009,45237.3200469868,3547.53150069252,92101.8493441921,180122.419019932,98751.6680140222,148114.543022213,148114.543022213
2016-03-31,000,N,7388.86970474031,103.581293859851,40226.2667023672,3703.28903319146,9966.36122923221,23339.4131288534,9486.31261735829,34520.0243510168,29298.2606810436,9551.06530864276,5521.23309816383,6676.13348519123,41495.6272643986,90575.4003116425,226998.87025286,1206.48165696164,21.6954108617292,132071.027576041,94927.8426768189,6523.46788659007,13637.0702463685,7876.29061469492,28036.8287476535,-453.474765579313,145844.540047303,45297.4331482273,3801.80588382871,91126.0367929902,181701.437104633,100547.106899076,150277.968259823,150277.968259823
2016-06-30,000,N,7398.05905825358,92.7154550120226,37962.5969869257,3213.06823412515,10659.1998500379,25301.0322069348,9809.93725447731,35092.3553963787,29588.4570688549,9733.82210771049,5576.14309628491,6668.78554246702,41833.3857076069,87520.7968421556,229525.306135218,1234.05855348676,107.992689877015,129354.182549762,100171.123585456,6568.8846228198,12693.0152857309,7677.15170457967,26939.0516131304,-520.535578204931,141686.125921847,45945.3716766364,4111.98596902951,96059.1376164265,183579.934458582,95740.7542452106,147996.945560869,147996.945560869
2016-09-30,000,N,7454.7897438044,81.9417795187247,40219.3526500085,5479.10840247073,9860.61656785035,24512.7110858249,9913.58464099959,35750.645191412,29793.8837530597,9861.24329010309,5632.39061303452,6660.2460286379,42086.5203947321,88209.9026556172,233840.812646877,1267.25723333971,149.41969875183,130296.423050349,103544.389596528,6702.91588854376,12586.6346680354,7420.68054494237,26710.2311015216,-387.530406312809,142928.865181118,46507.119949829,4420.59955509691,99123.7900414311,187333.692697048,96421.745231289,149163.416146764,149163.416146763
2016-12-31,000,N,7660.2814932018,96.7614716094025,42580.7836606983,6401.53433021261,10037.8223528788,24277.8435783874,10056.1654871648,36472.9750611925,29987.3984970417,10003.8692935437,5663.23319251676,6650.51494370386,42301.1466332624,83672.2201905846,231292.010965046,1257.20255621017,135.892200507647,125973.366823847,105318.644141199,6940.731602048,13340.279799865,7106.87713578305,27387.8885376961,-54.4592499029467,139785.468849725,47013.0752253072,4711.92859204485,100606.715549154,184278.935739739,92772.3936244178,145179.670032541,145179.670032541
2017-03-31,000,N,8087.37877552425,116.506369936359,43753.5804637825,4513.93038157594,10659.4964797472,25040.384473771,10204.4041093539,36926.6675609682,30321.2943835624,10114.1880268749,5661.54829229878,6639.59228766491,42622.4349635261,93950.9263715452,237212.526946516,1286.96347307855,85.0032729261402,136573.361335071,100639.165611445,7187.96402951328,12853.3918849511,6735.74147710168,26777.0973915661,478.677891024656,153956.604141482,47589.1524023161,4966.71743879002,95672.448172655,189623.3745442,106367.451739166,156353.61733589,156353.61733589
2017-06-30,000,N,7296.87740164739,81.0401916184198,44567.4613992624,4541.15302521274,10866.3874552563,26076.0693799352,10543.559281553,37080.025639795,30515.7594549159,10185.7698687302,5708.73876401304,6641.98931018337,42866.4875291123,92133.3075295913,245611.543136574,1325.08438084491,8.39159553181162,134999.795058704,110611.74807787,7480.48488042418,14253.1229606048,6509.59062278847,28243.1984638174,831.261590985834,149996.914304466,47978.1431999319,5111.65567081961,105500.09240705,197633.399936642,102018.771104534,154254.747909899,154254.7479099
2017-09-30,000,N,7793.35970681585,164.710088037253,42288.5198939713,3883.36594652479,10894.2410403188,26595.8715844447,10245.730360025,37313.2328422079,31094.13886812,10245.6665760736,5818.68203025606,6657.70601125923,43570.5269096353,93243.3724797389,241165.350947606,1290.96748434547,-70.9673277158577,136813.899389374,104351.451558232,7710.78585946965,14780.836446598,6428.42457284339,28920.046878911,1003.29184998059,149017.884375311,48751.0404468571,5180.51353722176,99170.9380210103,192414.310500749,100266.843928454,156237.699700882,156237.699700882
2017-12-31,000,N,7823.38411601257,136.743350407969,42161.4382429843,3212.55064668651,10604.8750246778,26645.674561849,10264.3062490682,37478.0739570284,30796.8072934019,10330.3755283213,5798.0309134321,6686.74239089249,43281.5805977265,86698.3636191246,240623.578969303,1276.98466173132,-132.427540741788,129979.944216851,110643.634752452,7885.76523059232,17268.6487078457,6492.24332726646,31646.6572657045,994.768668008921,139615.597178743,48276.6639508948,4995.08335316833,105648.551399284,192346.915018408,91338.9332278482,149348.93505333,149348.935053329
2018-03-31,000,N,8091.56718624859,141.953532815839,45460.1810395198,4594.23794573663,10930.0319152957,26719.6378329809,10600.4259465442,38163.3618654836,30993.7125095333,10577.872827484,5827.67531542485,6729.09844908316,43550.4862740413,94044.0738372265,248953.663938879,1310.02434935908,-169.969364160148,137594.560111268,111359.103827611,7875.66519027048,18348.0971728323,6701.04688605768,32924.8092491605,805.69204507083,148914.397643942,48309.1520281422,4758.66575410093,106600.43807351,200644.511910737,100605.2456158,157568.561762075,157568.561762076
2018-06-30,000,N,8157.75654423853,103.568093696084,43319.5250938017,3167.49763163304,11602.1304900686,28556.3078201357,10477.4458400802,38203.9113618252,31140.1694813156,10675.8085002563,5870.25019671296,6760.86549272617,43771.2851707548,90286.3859198412,238870.530723383,1247.16400976613,-159.027232115244,134057.671090596,104812.859632787,7742.83808862884,21510.6719587186,6857.6495551511,36111.1596024985,663.884577867262,140307.384297997,48215.7631538556,4444.47798310081,100368.381649686,190654.767569527,92091.6211441414,153884.578346261,153884.578346262
2018-09-30,000,N,8202.9082772017,106.101618097614,70728.4362237405,3562.37318254429,12002.8959055403,30257.5300956498,10913.2890906777,38060.3268405483,30609.9434387748,10728.5627741984,5853.98773707562,6782.0435218215,43245.9746976719,88949.3443287091,244105.978248352,1265.67320453853,-119.391687072348,132195.319026381,111910.659221971,7519.12595295807,31895.5043347324,6962.05133454671,46376.6816222372,569.346266398216,154529.300492275,47268.6184584225,4022.64376075064,107888.01546122,196837.35978993,107260.682033852,152563.899529824,152563.899529824
2018-12-31,000,N,8512.76799231112,103.376755390465,67352.8576429379,3574.89124008603,11594.9416890941,29624.5242512334,11064.8391226979,38156.3999321425,30385.1745703766,10866.7558980613,5876.08675078654,6792.63253636917,43053.8938575323,91962.5559142233,243724.827089384,1256.13843633147,-36.6117166570039,135016.449771756,108708.377317629,7127.37076814141,37452.386533716,7014.25222424451,51594.0095261019,522.077110663693,149549.257565776,46680.4663595796,3626.57250204731,105081.804815582,197044.360729804,102868.791206196,155916.960361829,155916.960361829
